# share of men shown a woman who like her; bin = [lo, lo + 0.01); height in pixels (relative count)
bin_lo,height
0.00,9
0.01,18
0.02,12
0.03,25
0.04,21
0.05,32
0.06,49
0.07,80
0.08,125
0.09,141
0.10,185
0.11,222
0.12,252
0.13,270
0.14,308
0.15,290
0.16,342
0.17,364
0.18,367
0.19,391
0.20,347
0.21,411
0.22,415
0.23,399
0.24,430
0.25,402
0.26,410
0.27,398
0.28,602
0.29,218
0.30,414
0.31,448
0.32,434
0.33,423
0.34,448
0.35,442
0.36,430
0.37,415
0.38,422
0.39,442
0.40,428
0.41,424
0.42,447
0.43,461
0.44,435
0.45,409
0.46,621
0.47,203
0.48,378
0.49,433
0.50,383
0.51,398
0.52,388
0.53,352
0.54,361
0.55,376
0.56,510
0.57,317
0.58,303
0.59,171
0.60,304
0.61,289
0.62,267
0.63,244
0.64,237
0.65,212
0.66,185
0.67,194
0.68,166
0.69,150
0.70,139
0.71,107
0.72,88
0.73,49
0.74,53
0.75,53
0.76,39
0.77,30
0.78,22
0.79,18
0.80,11
0.81,3
0.82,5
0.83,0
0.84,0
0.85,0
0.86,0
0.87,0
0.88,0
0.89,0
0.90,0
0.91,0
0.92,0
0.93,0
0.94,0
0.95,0
0.96,0
0.97,0
0.98,0
0.99,0
