# share of women shown a man who like him; bin = [lo, lo + 0.01); height in pixels (relative count)
bin_lo,height
0.00,164
0.01,279
0.02,363
0.03,568
0.04,364
0.05,277
0.06,222
0.07,175
0.08,154
0.09,139
0.10,117
0.11,89
0.12,77
0.13,59
0.14,52
0.15,44
0.16,38
0.17,32
0.18,29
0.19,29
0.20,23
0.21,19
0.22,19
0.23,13
0.24,14
0.25,15
0.26,8
0.27,10
0.28,13
0.29,0
0.30,8
0.31,10
0.32,8
0.33,4
0.34,3
0.35,0
0.36,0
0.37,0
0.38,0
0.39,0
0.40,0
0.41,0
0.42,0
0.43,0
0.44,0
0.45,0
0.46,0
0.47,0
0.48,0
0.49,0
0.50,0
0.51,0
0.52,0
0.53,0
0.54,0
0.55,0
0.56,0
0.57,0
0.58,0
0.59,0
0.60,0
0.61,0
0.62,0
0.63,0
0.64,0
0.65,0
0.66,0
0.67,0
0.68,0
0.69,0
0.70,0
0.71,0
0.72,0
0.73,0
0.74,0
0.75,0
0.76,0
0.77,0
0.78,0
0.79,0
0.80,0
0.81,0
0.82,0
0.83,0
0.84,0
0.85,0
0.86,0
0.87,0
0.88,0
0.89,0
0.90,0
0.91,0
0.92,0
0.93,0
0.94,0
0.95,0
0.96,0
0.97,0
0.98,0
0.99,0
