# share of profiles a woman likes; bin = [lo, lo + 0.01); height in pixels (relative count)
bin_lo,height
0.00,578
0.01,480
0.02,419
0.03,353
0.04,293
0.05,245
0.06,198
0.07,177
0.08,145
0.09,119
0.10,101
0.11,86
0.12,66
0.13,66
0.14,59
0.15,45
0.16,41
0.17,34
0.18,29
0.19,24
0.20,22
0.21,18
0.22,15
0.23,12
0.24,15
0.25,12
0.26,10
0.27,9
0.28,16
0.29,0
0.30,6
0.31,6
0.32,6
0.33,4
0.34,0
0.35,3
0.36,0
0.37,0
0.38,0
0.39,0
0.40,0
0.41,0
0.42,0
0.43,0
0.44,0
0.45,0
0.46,0
0.47,0
0.48,0
0.49,0
0.50,0
0.51,0
0.52,0
0.53,0
0.54,0
0.55,0
0.56,0
0.57,0
0.58,0
0.59,0
0.60,0
0.61,0
0.62,0
0.63,0
0.64,0
0.65,0
0.66,0
0.67,0
0.68,0
0.69,0
0.70,0
0.71,0
0.72,0
0.73,0
0.74,0
0.75,0
0.76,0
0.77,0
0.78,0
0.79,0
0.80,0
0.81,0
0.82,0
0.83,0
0.84,0
0.85,0
0.86,0
0.87,0
0.88,0
0.89,0
0.90,0
0.91,0
0.92,0
0.93,0
0.94,0
0.95,0
0.96,0
0.97,0
0.98,0
0.99,3
