# share of profiles a man likes; bin = [lo, lo + 0.01); height in pixels (relative count)
bin_lo,height
0.00,396
0.01,307
0.02,309
0.03,348
0.04,389
0.05,404
0.06,389
0.07,412
0.08,409
0.09,466
0.10,454
0.11,429
0.12,485
0.13,444
0.14,450
0.15,459
0.16,424
0.17,435
0.18,443
0.19,421
0.20,403
0.21,382
0.22,383
0.23,397
0.24,388
0.25,364
0.26,380
0.27,347
0.28,628
0.29,10
0.30,323
0.31,308
0.32,328
0.33,289
0.34,307
0.35,255
0.36,270
0.37,269
0.38,257
0.39,240
0.40,245
0.41,231
0.42,234
0.43,230
0.44,236
0.45,198
0.46,392
0.47,0
0.48,207
0.49,179
0.50,188
0.51,152
0.52,162
0.53,148
0.54,145
0.55,139
0.56,264
0.57,135
0.58,138
0.59,0
0.60,124
0.61,117
0.62,122
0.63,123
0.64,109
0.65,101
0.66,106
0.67,104
0.68,91
0.69,81
0.70,100
0.71,87
0.72,98
0.73,84
0.74,77
0.75,82
0.76,74
0.77,97
0.78,88
0.79,77
0.80,78
0.81,77
0.82,71
0.83,67
0.84,67
0.85,61
0.86,75
0.87,61
0.88,66
0.89,61
0.90,68
0.91,62
0.92,71
0.93,135
0.94,0
0.95,73
0.96,77
0.97,88
0.98,85
0.99,94
