# share of US women married, by age and decade of birth (author's chart, digitized)
cohort,age,married
1940,15.5,0.0755
1940,16.0,0.1039
1940,16.5,0.1362
1940,18.0,0.2565
1940,18.5,0.3065
1940,19.0,0.3689
1940,19.5,0.4291
1940,20.0,0.4847
1940,20.5,0.5301
1940,21.0,0.5709
1940,21.5,0.6118
1940,22.0,0.6549
1940,22.5,0.7111
1940,23.0,0.7537
1940,23.5,0.7781
1940,24.0,0.7968
1940,24.5,0.811
1940,25.0,0.8229
1940,25.5,0.8337
1940,26.0,0.8428
1940,26.5,0.8519
1940,27.0,0.8604
1940,27.5,0.8672
1940,28.0,0.874
1940,28.5,0.8797
1940,29.0,0.8854
1940,29.5,0.8893
1940,30.0,0.8927
1940,30.5,0.8956
1940,31.0,0.8978
1940,31.5,0.9007
1940,32.0,0.903
1940,32.5,0.9052
1940,33.0,0.9069
1940,33.5,0.9081
1940,34.0,0.9098
1940,34.5,0.9115
1940,35.0,0.9126
1940,35.5,0.9143
1940,36.0,0.9154
1940,36.5,0.9166
1940,37.0,0.9177
1940,37.5,0.9194
1940,38.0,0.9205
1940,38.5,0.9211
1940,39.0,0.9222
1940,39.5,0.9228
1940,40.0,0.9228
1940,40.5,0.9228
1940,41.0,0.9228
1940,41.5,0.9228
1940,42.0,0.9228
1940,42.5,0.9228
1940,43.0,0.9228
1940,43.5,0.9228
1940,44.0,0.9228
1940,44.5,0.9228
1950,15.5,0.0885
1950,16.0,0.1163
1950,16.5,0.147
1950,17.0,0.1771
1950,17.5,0.21
1950,18.0,0.244
1950,18.5,0.2821
1950,19.0,0.3229
1950,19.5,0.3632
1950,20.0,0.4047
1950,20.5,0.4432
1950,21.0,0.4807
1950,21.5,0.5187
1950,22.0,0.5533
1950,22.5,0.5902
1950,23.0,0.6277
1950,23.5,0.6623
1950,24.0,0.6952
1950,24.5,0.7219
1950,25.0,0.7435
1950,25.5,0.7594
1950,26.0,0.7719
1950,26.5,0.7843
1950,27.0,0.794
1950,27.5,0.8042
1950,28.0,0.8133
1950,28.5,0.8212
1950,29.0,0.8303
1950,29.5,0.8371
1950,30.0,0.8428
1950,30.5,0.8473
1950,31.0,0.8507
1950,31.5,0.8541
1950,32.0,0.8575
1950,32.5,0.8604
1950,33.0,0.8632
1950,33.5,0.8655
1950,34.0,0.8678
1950,34.5,0.87
1950,35.0,0.8729
1950,35.5,0.8751
1950,36.0,0.8774
1950,36.5,0.8797
1950,37.0,0.882
1950,37.5,0.8842
1950,38.0,0.8865
1950,38.5,0.8882
1950,39.0,0.8899
1950,39.5,0.8899
1950,40.0,0.8916
1950,40.5,0.8933
1950,41.0,0.895
1950,41.5,0.8961
1950,42.0,0.8973
1950,42.5,0.8984
1950,43.0,0.9001
1950,43.5,0.9001
1950,44.0,0.9012
1950,44.5,0.9018
1960,15.5,0.0289
1960,16.0,0.0358
1960,16.5,0.0551
1960,17.0,0.0738
1960,17.5,0.105
1960,18.0,0.1373
1960,18.5,0.1697
1960,19.0,0.2037
1960,19.5,0.227
1960,20.0,0.252
1960,20.5,0.2758
1960,21.0,0.2991
1960,21.5,0.3297
1960,22.0,0.3604
1960,22.5,0.4024
1960,23.0,0.4449
1960,23.5,0.483
1960,24.0,0.5233
1960,24.5,0.5562
1960,25.0,0.5902
1960,25.5,0.6186
1960,26.0,0.6464
1960,26.5,0.6697
1960,27.0,0.6918
1960,27.5,0.7111
1960,28.0,0.7299
1960,28.5,0.7457
1960,29.0,0.7616
1960,29.5,0.7713
1960,30.0,0.7815
1960,30.5,0.786
1960,31.0,0.7906
1960,31.5,0.7923
1960,32.0,0.7946
1960,32.5,0.7991
1960,33.0,0.8031
1960,33.5,0.8087
1960,34.0,0.8144
1960,34.5,0.8201
1960,35.0,0.8269
1960,35.5,0.8314
1960,36.0,0.836
1960,36.5,0.84
1960,37.0,0.8445
1960,37.5,0.8473
1960,38.0,0.8507
1960,38.5,0.8524
1960,39.0,0.8541
1960,39.5,0.8558
1960,40.0,0.857
1960,40.5,0.8581
1960,41.0,0.8593
1960,41.5,0.8604
1960,42.0,0.8604
1960,42.5,0.8615
1960,43.0,0.8621
1960,43.5,0.8627
1960,44.0,0.8638
1960,44.5,0.8649
1970,16.0,0.0238
1970,16.5,0.0329
1970,17.0,0.0431
1970,17.5,0.0607
1970,18.0,0.0795
1970,18.5,0.1044
1970,19.0,0.1322
1970,19.5,0.1595
1970,20.0,0.189
1970,20.5,0.2174
1970,21.0,0.2457
1970,21.5,0.2753
1970,22.0,0.3031
1970,22.5,0.336
1970,23.0,0.3689
1970,23.5,0.4024
1970,24.0,0.4364
1970,24.5,0.4677
1970,25.0,0.4989
1970,25.5,0.5267
1970,26.0,0.5533
1970,26.5,0.5778
1970,27.0,0.5999
1970,27.5,0.6203
1970,28.0,0.6402
1970,28.5,0.6561
1970,29.0,0.6731
1970,29.5,0.6867
1970,30.0,0.7003
1970,30.5,0.7111
1970,31.0,0.7213
1970,31.5,0.7304
1970,32.0,0.7389
1970,32.5,0.7452
1970,33.0,0.7531
1970,33.5,0.7577
1970,34.0,0.7633
1970,34.5,0.7684
1970,35.0,0.7736
1970,35.5,0.7781
1970,36.0,0.7821
1970,36.5,0.7866
1970,37.0,0.7894
1970,37.5,0.7946
1970,38.0,0.798
1970,38.5,0.7997
1970,39.0,0.8019
1970,39.5,0.8053
1970,40.0,0.8087
1970,40.5,0.8121
1970,41.0,0.8156
1970,41.5,0.8195
1970,42.0,0.8235
1970,42.5,0.8258
1970,43.0,0.8286
1970,43.5,0.8309
1970,44.0,0.8337
1970,44.5,0.836
1980,15.5,0.0159
1980,16.0,0.0182
1980,16.5,0.0244
1980,17.0,0.0312
1980,17.5,0.0431
1980,18.0,0.0562
1980,18.5,0.0738
1980,19.0,0.0919
1980,19.5,0.1118
1980,20.0,0.1322
1980,20.5,0.1538
1980,21.0,0.1754
1980,21.5,0.1981
1980,22.0,0.2213
1980,22.5,0.2469
1980,23.0,0.2719
1980,23.5,0.2963
1980,24.0,0.3218
1980,24.5,0.3473
1980,25.0,0.3729
1980,25.5,0.3978
1980,26.0,0.4217
1980,26.5,0.4449
1980,27.0,0.4671
1980,27.5,0.4886
1980,28.0,0.5096
1980,28.5,0.5289
1980,29.0,0.5482
1980,29.5,0.5664
1980,30.0,0.5851
1980,30.5,0.6016
1980,31.0,0.618
1980,31.5,0.6317
1980,32.0,0.6453
1980,32.5,0.6566
1980,33.0,0.6674
1980,33.5,0.6771
1980,34.0,0.6873
1980,34.5,0.6975
1980,35.0,0.7072
1980,35.5,0.7179
1980,36.0,0.7281
1980,36.5,0.7361
1980,37.0,0.744
1980,37.5,0.7514
1980,38.0,0.7577
1980,38.5,0.7622
1980,39.0,0.7673
1980,39.5,0.7719
1980,40.0,0.7753
1980,40.5,0.7804
1980,41.0,0.7843
1980,41.5,0.7877
1980,42.0,0.7911
1980,42.5,0.7957
1980,43.0,0.8002
1980,43.5,0.8014
1990,18.0,0.0255
1990,18.5,0.0335
1990,19.0,0.0431
1990,19.5,0.0545
1990,20.0,0.067
1990,20.5,0.0829
1990,21.0,0.0988
1990,21.5,0.1175
1990,22.0,0.1356
1990,22.5,0.1561
1990,23.0,0.1782
1990,23.5,0.2003
1990,24.0,0.2247
1990,24.5,0.2486
1990,25.0,0.2741
1990,25.5,0.3008
1990,26.0,0.3269
1990,26.5,0.353
1990,27.0,0.3791
1990,27.5,0.4052
1990,28.0,0.4302
1990,28.5,0.4535
1990,29.0,0.4773
1990,29.5,0.4983
1990,30.0,0.5204
1990,30.5,0.5409
1990,31.0,0.5596
1990,31.5,0.576
1990,32.0,0.5914
1990,32.5,0.605
1990,33.0,0.6169
1990,33.5,0.622
1990,34.0,0.6254
2000,15.0,0.0102
2000,15.5,0.0096
2000,16.0,0.0102
2000,16.5,0.0119
2000,17.0,0.0131
2000,17.5,0.0153
2000,18.0,0.0187
2000,18.5,0.025
2000,19.0,0.0318
2000,19.5,0.0414
2000,20.0,0.0522
2000,20.5,0.0658
2000,21.0,0.0789
2000,21.5,0.0959
2000,22.0,0.1124
2000,22.5,0.1328
2000,23.0,0.1521
2000,23.5,0.1623
2000,24.0,0.172
