# messages received per week by attractiveness percentile (Rudder 2014, Dataclysm; digitized)
percentile,women,men
1,1.216,0.287
2,1.351,0.287
3,1.486,0.321
4,1.605,0.287
5,1.706,0.321
6,1.892,0.321
7,2.044,0.321
8,1.926,0.321
9,2.01,0.321
10,2.247,0.321
11,2.297,0.355
12,2.399,0.355
13,2.432,0.355
14,2.432,0.355
15,2.517,0.389
16,2.787,0.372
17,2.669,0.389
18,2.905,0.389
19,3.074,0.389
20,3.007,0.389
21,3.024,0.389
22,3.294,0.389
23,3.412,0.422
24,3.243,0.439
25,3.514,0.422
26,3.682,0.422
27,3.598,0.422
28,3.666,0.439
29,3.767,0.422
30,4.003,0.439
31,4.155,0.473
32,4.206,0.473
33,4.51,0.49
34,4.392,0.49
35,4.595,0.507
36,4.172,0.524
37,4.054,0.524
38,3.784,0.541
39,4.172,0.524
40,3.615,0.541
41,4.172,0.557
42,3.345,0.591
43,4.24,0.591
44,4.122,0.557
45,4.426,0.591
46,5.321,0.625
47,5.743,0.591
48,5.608,0.591
49,5.726,0.591
50,5.743,0.541
51,5.591,0.608
52,5.726,0.659
53,6.081,0.659
54,5.777,0.625
55,5.997,0.625
56,6.199,0.625
57,6.537,0.659
58,6.402,0.625
59,6.791,0.693
60,6.757,0.693
61,6.824,0.726
62,6.943,0.676
63,7.044,0.743
64,7.365,0.777
65,7.179,0.828
66,7.331,0.828
67,7.483,0.811
68,7.77,0.811
69,7.838,0.811
70,7.855,0.861
71,8.193,0.861
72,8.277,0.895
73,8.53,0.895
74,8.818,0.946
75,8.716,0.929
76,9.02,0.929
77,9.409,0.98
78,9.561,0.997
79,9.916,0.997
80,9.814,1.03
81,10.27,1.081
82,10.034,1.115
83,10.22,1.132
84,10.845,1.166
85,10.777,1.132
86,10.895,1.149
87,10.777,1.233
88,11.098,1.284
89,11.047,1.334
90,11.233,1.368
91,12.111,1.503
92,12.922,1.605
93,13.649,1.723
94,14.51,1.74
95,15.524,1.909
96,16.976,2.044
97,19.24,2.264
98,21.486,2.601
99,24.713,3.412
